{"0": [-0.10461204891581191, -0.3172336338385008], "10": [0.06374477523527684, -0.16637563840593933], "11": [-0.06561564721733434, -0.4341198703156367], "35": [-0.28157608995346867, 0.1353734621443945], "77": [-0.29616418913121995, -0.2639844789045392], "79": [0.06982581206217141, -0.6736400483615951], "1": [0.9022846591938545, -0.10645231856676807], "12": [0.6331582252196697, 0.06323174922669711], "78": [0.5165387839269622, -0.17304959122993496], "2": [-0.7247655861802736, 0.15132743397609075], "4": [-0.1903627500941418, 0.012747262596154383], "34": [-0.8171503127041518, 0.14420141351103535], "38": [-0.6581140204238737, 0.3246055668544569], "49": [-0.5589080767173961, 0.10598212124575052], "71": [-0.9948518699392117, 0.08556733871089628], "3": [0.48719595335207305, 0.12491217805533734], "6": [0.32748611493866947, 0.13829521425499772], "48": [0.5499162531489749, 0.4122676655550031], "51": [0.31422931267022197, 0.08820473820165838], "63": [-0.24485983830302865, -0.49590990570567867], "68": [-0.14162294743071369, 0.3009829257623528], "70": [0.18118774682799021, 0.15607947498872582], "5": [-0.34123280665405453, -0.22960026732313443], "20": [-0.25435189515498735, -0.6908129647390195], "41": [-0.20659742340206314, -0.329205118198188], "45": [-0.3639183772136987, 0.13123761611756649], "50": [-0.10961277863827497, -0.47093788313727936], "59": [-0.42852010034927734, 0.055834758092337775], "42": [0.12206424374279373, 0.05211756837856364], "43": [0.14611316923850826, 0.128988682128246], "44": [-0.03238615704422392, -0.07048464381620684], "7": [0.7397385722406788, 0.5795893161508164], "31": [0.2766349210900655, 0.632677312360847], "53": [0.5154405614491095, 0.6549538802899915], "75": [0.9032065032364788, 0.1621694942496334], "8": [0.1391385913921571, -0.14083016026391676], "25": [0.05434554624047115, 0.3364839135961646], "46": [-0.10459482789671054, 0.03216134262071666], "67": [0.466516164122639, 0.005250674154853679], "98": [0.2419338670439929, -0.461060480238959], "9": [-0.3629528847438393, -0.9605174328877089], "65": [-0.5089452857013976, -0.5745015537755], "72": [-0.03342281137041405, -0.7693073831015463], "88": [-0.16962641030587558, -0.11258711979721306], "99": [-0.2888501926584362, -0.01226828689565858], "15": [-0.2643541272242765, -0.1644322054972902], "19": [-0.29293192136844226, -0.6030910834888863], "37": [0.24042824360136986, -0.13249701241807346], "13": [0.01610452989709374, -0.4299834039356537], "21": [0.23592533384839345, -0.3905941831096083], "69": [-0.41746026827253246, -0.31759427231033616], "14": [-0.2526078038704819, 0.46348950748932205], "39": [-0.005128550651395881, 0.4208640809634427], "47": [0.058291859171193144, 0.4628871018456645], "87": [-0.2155634639814999, 0.1694570322695497], "93": [0.16325130139291727, 0.43337073521991265], "33": [-0.015560076386250423, -0.16575845494808283], "55": [-0.5044146525575203, -0.2516302465729478], "64": [-0.467497578079223, -0.0445864985045688], "16": [0.6058240482798747, -0.2966870478217849], "26": [0.865835184615368, -0.16915697106955285], "86": [0.3163007285045287, -0.07432502432299194], "97": [0.1751116256929931, -0.5746362605895778], "17": [-0.10276310305986726, 0.1474567924419502], "66": [-0.4105420465552707, 0.2415149542022097], "80": [0.19075975333489276, 0.35533770584936064], "18": [-0.44618145294917355, -0.12383668435037547], "23": [-0.21364515438027723, 0.3492251318480258], "29": [-0.5770629155472015, -0.40341015305235584], "52": [-0.17345907018955453, -0.4008355240756901], "89": [-0.599915604224421, -0.48369621827602893], "36": [0.07021958575588762, -0.5954469989112952], "58": [0.15657168298006977, -0.0916151475558674], "94": [0.4694475703507319, -0.24591821907190764], "22": [0.3333450310007772, 0.006960051748382401], "73": [0.43479743409393945, 0.429241608637623], "74": [0.29982880596033146, 0.356230172635877], "82": [0.5484671555330793, 0.2412650375316678], "27": [-0.5685401309027979, 0.006807305948310013], "62": [-0.08675780397515279, 0.5431673927920192], "24": [-0.5356291106660276, -0.13618455038924776], "57": [-0.623154735134086, -0.06690607808053997], "60": [0.3010956934136399, 0.678106142609138], "95": [0.06352132631485852, 0.6726204748540819], "81": [0.9976254655775347, 0.07916067067918954], "83": [-0.30379593513646447, 0.3554318501394341], "28": [-0.0807613761241044, 0.3409547339402671], "90": [-0.48947884265136143, -0.7299556697567671], "30": [-0.37567225573547225, -0.3771499841219009], "92": [0.6011706181351884, 0.8035684640616324], "32": [-0.5861268718370262, 0.40404612466801515], "76": [0.3139094923131466, -0.2853503987934156], "61": [0.011690888106448975, 0.13322935688470428], "84": [0.31544067220445643, 0.5783896919479108], "40": [0.10057657114136999, 0.38356324664207136], "91": [0.21222832163173216, 0.1883501762674739], "56": [0.1863542457868241, 0.7860622460266046], "85": [-0.051134266056239254, -0.5570957503073933], "54": [1.0, 0.32605444436004954], "96": [0.008931500648590603, 0.1931974831078866]}