{"0": [-0.25050606691415006, -0.3061633008289696], "1": [-0.36861736061078276, -0.4251000984198439], "3": [-0.030934670657215956, 0.27268864720098673], "4": [0.29703071266924774, 0.1751782225955179], "5": [-0.18161638187502452, -0.3687519297724604], "8": [-0.400130626770652, 0.2723950818173182], "10": [0.3912920119817589, 0.028297354398968105], "12": [-0.6162041912827169, -0.2333185192019369], "13": [0.31274075895018677, 0.6691854302522573], "17": [1.0, -0.0012373578826733271], "19": [-0.8738593111452471, 0.14882620239684827], "20": [-0.5349442037453379, -0.4547533106150552], "25": [0.44821898177216174, -0.4200169898048907], "28": [0.4843724388788367, 0.4627882458806973], "29": [-0.2293011904470035, 0.23396385085192717], "30": [0.20808154854858465, 0.11448262434061186], "33": [0.12668890030636926, -0.5887896583211392], "35": [0.3215092541995269, -0.891347387923705], "38": [-0.12836206878437453, -0.8159810318784158], "40": [-0.7698760433361368, 0.4627595248497668], "41": [-0.3208540176183202, -0.006380144451587082], "43": [0.7178934260947953, -0.44073633568612236], "45": [-0.6349936767651814, -0.03781590168840581], "48": [0.02099248702832423, 0.18303693283112837], "50": [0.417274726139055, 0.8447188349976483], "58": [-0.4035812942395133, -0.30468521865921844], "59": [-0.0035689154741379552, 0.07837612998787383], "62": [-0.0021551835630509225, -0.803612772712995], "69": [-0.7553815795631754, 0.1850933739216317], "78": [-0.2515815167997928, 0.48631961211595537], "82": [0.5558652743027083, -0.0652132121490585], "84": [0.14589645012663532, -0.4226747068029488], "85": [0.012774503113796909, -0.653558193016954], "86": [-0.780859268777106, -0.1729603754558012], "87": [0.1815571807126901, -0.15847330284369057], "88": [-0.08132188852359681, -0.9407295263967992], "89": [0.560752845043717, 0.22831229210215293], "93": [-0.4337632443109184, 0.41061117895190186], "95": [-0.5695432183168779, 0.1080807814132385], "97": [0.3018081255661781, -0.4691785713095688], "6": [-0.7424016479246406, -0.49119824275068086], "11": [0.24334192194808812, 0.005229091754011512], "26": [0.00822308524068063, -0.057939712018495695], "31": [0.382696962487642, -0.1268401112636813], "36": [-0.241548515453562, 0.659313153756469], "42": [-0.45402961286013815, -0.6760097535573024], "44": [-0.5788335224901838, 0.3893721715377356], "46": [-0.1265145909817464, 0.4119979399401817], "49": [0.4020935044879127, -0.3132957968501196], "55": [-0.12370795305191801, -0.09256408087171068], "57": [0.0474766741166221, -0.5121257042137692], "60": [-0.6281512071855576, 0.6608466148443931], "63": [0.6034783611396731, -0.5216312823318257], "64": [0.18728459719588028, 0.45937392961736984], "66": [0.5624497564566175, -0.24096404436571697], "67": [-0.5454579810487282, -0.5644509924062888], "68": [-0.17475805295801003, -0.6612683144598382], "71": [-0.23746388242309388, -0.49606524737707164], "73": [0.35141754154113986, -0.6683260073382004], "74": [-0.30489883138511964, 0.4026480943940646], "75": [-0.03543752008034205, -0.39678543860584664], "77": [0.452587424903407, 0.33362718871823277], "83": [-0.5161907454677733, -0.08432557668716698], "92": [0.32460339529607807, 0.46828397783690295], "2": [0.17593304982146127, 0.28335651176694765], "15": [0.684593267401594, 0.4045905906219145], "22": [0.11707662507267322, -0.26697520671500174], "27": [0.10058408995530424, 0.8060532990441888], "32": [-0.3828463417853165, 0.6320691928194446], "37": [-0.09699955353615322, 0.5905878830564627], "51": [-0.3914234978916457, -0.1121907382798673], "53": [0.09692087270647139, 0.5587923996785569], "54": [0.5255781584770799, 0.06466850459911931], "65": [0.7754820707569826, -0.08453633607139051], "70": [0.026919699040057025, 0.791480780658361], "79": [-0.17516742500256557, 0.05967851254082087], "81": [0.31215764850365724, 0.3240838119897967], "90": [-0.2592948135969694, -0.1678251824142504], "91": [-0.040874756893765206, 0.45189367312439443], "94": [0.332918266107737, -0.5720226293671223], "7": [-0.3276549656886192, 0.12279496656787635], "14": [0.801919948088844, -0.2639565792637168], "16": [0.6876479872772173, 0.19845294720285184], "23": [0.6844399881249843, -0.2133380174410988], "39": [-0.4801787982124347, 0.08242176858337646], "47": [-0.6612358272552175, -0.3242651021499104], "52": [0.5908531463424892, 0.3870119954904597], "61": [0.4638332403448211, -0.6948676008080892], "72": [-0.009440699941640098, -0.25027770237112745], "80": [0.30159810370044715, -0.2216793499169154], "98": [-0.33078483211404863, -0.6860252951213125], "21": [-0.2804560654027438, 0.782949304201799], "34": [-0.6663528100898592, 0.2932676712000541], "99": [-0.8289135523049164, -0.28579197579743065], "56": [0.7240084255767673, 0.07339164752271304], "96": [0.7890291045427082, 0.24140656217348336], "18": [0.41200561583439355, 0.6371674618100496], "24": [-0.06834713172239412, 0.8835977145406811], "76": [-0.4481970122861845, 0.5871042915968024], "9": [0.10561590863151178, 0.6163918925412223]}