{"0": [0.13880319246980435, -0.25116411120774357], "14": [0.08916053677078911, -0.41153107356965035], "30": [0.19431238132354375, -0.3431582868999131], "77": [0.1446102608829713, -0.034931362864772275], "1": [0.19004660980342247, 0.0756175156370999], "4": [0.22235973778001258, 0.21081549857428739], "58": [0.0659767598924294, -0.023233229137373725], "71": [0.36929120628831225, 0.09680470283605001], "87": [0.05164320630922153, 0.0511616050147984], "2": [0.09483127492088055, 0.0914646446617434], "5": [0.2709189297951361, 0.20503511586455717], "68": [-0.07632684830222167, 0.021227459686206242], "13": [0.163857983463331, 0.27001644573864303], "99": [0.3018766017297501, 0.2792553665229824], "92": [0.43419858836356773, 0.30530583878586826], "6": [-0.15456265427829727, 0.08886079257205665], "8": [0.2861085316291786, 0.16303231301170434], "54": [0.263666886219305, 0.06391276854661074], "65": [0.11544021537353637, 0.15208305732220054], "74": [0.4285920061498778, 0.1451958525044772], "10": [0.055746986182783634, -0.12029032745509066], "27": [6.609086968444429e-05, -0.12181023068848852], "79": [0.003196468196788044, -0.02778825306067235], "11": [-0.46145873822840267, 0.09488457292680112], "19": [-0.4872591062727232, 0.005809978599424846], "88": [-0.36256595716726703, 0.13494738968751854], "82": [0.12979562632498223, 0.19444145270619523], "84": [0.021637335863704504, -0.530690780007842], "15": [0.5630662087351556, 0.3757077439255948], "16": [0.6550159269980665, 0.42710579269968285], "17": [-0.10421571216335578, -0.32093332724363954], "34": [-0.11535015836322939, -0.20029510539763834], "18": [-0.07649621944630142, 0.08438646833399699], "52": [0.02374737993272633, 0.1626406377341764], "95": [-0.2122088543849987, 0.0840607305431848], "89": [-0.6517171384677196, -0.044541633288779796], "90": [-0.30869734873586396, 0.0028135546607023984], "20": [-0.01180631152044613, -0.17322447602810823], "78": [-0.06073414751637509, -0.30948082061851684], "21": [0.09809311499403973, -0.20598033806659433], "24": [0.4843359685028524, 0.0813309595246605], "25": [0.5465753513310375, 0.15265179342728308], "26": [0.20870875634558744, 0.10449216528243312], "31": [0.12209434342035887, 0.13843998296045973], "66": [-0.11014694461220549, -0.0030649117029481108], "28": [-0.07085945441694248, -0.5839848634070086], "69": [-0.0854681245369786, -0.46283990344248416], "76": [-0.10629034491120565, -0.6830786333443983], "29": [0.021892564755546816, 0.4550113222600337], "37": [0.06525510209436003, 0.34667431318803216], "61": [0.1878105614891376, 0.35585788953712855], "97": [0.009828467045107744, -0.05933941025034763], "32": [0.4843135564229583, -0.9120304727287151], "39": [0.5236373301752099, -0.9821837371249907], "33": [0.4079821762647849, 0.7087616169415395], "94": [0.348190662355804, 0.6275942519937575], "46": [-0.2536060188065449, -0.23066478324491022], "35": [-0.38167823959992225, -0.176632129500585], "70": [-0.5081395462924081, -0.23524282239776886], "98": [-0.23414990923333512, -0.11021022751189548], "36": [-0.7198038256965615, -0.1517479585322096], "38": [-0.7324688749268322, -0.08763322959075066], "73": [-0.6271631022961186, -0.15778715713587044], "41": [0.4707868494537875, 0.03935255576699333], "42": [-0.9122715381211849, 0.02480662759593833], "59": [-0.7945145689900005, -0.0044835343372783025], "91": [-1.0, 0.044908531542160145], "43": [0.4238816234891676, 0.20837490709067621], "49": [0.38961766288768696, 0.30550371827910267], "47": [-0.3663775450935684, -0.31615366909402476], "55": [-0.47644448291178504, -0.3581081775021836], "53": [0.46723129460947077, 0.361655502043769], "64": [0.260475285000792, 0.2812347561363444], "50": [-0.04280526608337768, -0.029562566175795627], "51": [0.18610043056031172, 0.4668945083176248], "63": [0.08349599543309451, 0.05158508593490601], "86": [0.35220297820296415, -2.306589005298248e-05], "96": [-0.5418011605807159, -0.469480084611549], "56": [0.06315295354249886, 0.2491426189816624], "60": [-0.030140969101460628, -0.20612294954442237], "81": [0.2692619029650158, 0.5113655750269663], "67": [-0.5861671020756548, -0.5519898480980213], "83": [0.34824383100101175, 0.38334900831175533], "85": [-0.43743948147754513, 0.20584250146324642]}