{"1": [-0.29185756846287747, -0.8603087041747342], "59": [-0.33101661238987906, -0.7926591932070326], "64": [-0.23864325801161818, -0.9143238909050098], "2": [0.03398634265762279, -0.6630647212918955], "46": [-0.028843651858783726, -0.6141266410679841], "65": [0.08275498651558166, -0.7128581426623196], "4": [0.5041179154680042, -0.19952217990143464], "53": [0.5046046407130852, -0.2713418752640634], "79": [0.5311276339990477, -0.11024717229470243], "5": [-0.2001815390231479, -0.968028775945062], "6": [-0.7624262493319729, -0.4089356304359964], "48": [-0.7535171400412608, -0.4673689295266279], "57": [-0.8405702076364473, -0.4333712550975198], "81": [-0.7257522736358597, -0.3528676122640998], "7": [0.5883938355337495, 0.13707490011947238], "82": [0.573046554658254, 0.06920087873021456], "8": [-0.33842352252979613, -0.7145083245512098], "11": [-0.03632000846182068, -0.8589185430717226], "58": [-0.05541091356448749, -0.8045566275959977], "12": [-0.09139833854700963, 0.9999999999999999], "30": [-0.08658422701235388, 0.9348058182757331], "14": [-0.0819634417949481, 0.8560515119509567], "16": [0.6084091341361882, 0.6885286841211216], "70": [0.5496408388749568, 0.6373582392607096], "17": [-0.8075567681075815, 0.2821732845537899], "39": [-0.7625335023753192, 0.2934932536788612], "19": [0.5777509503991376, -0.0175150298764748], "75": [0.6711881523587083, 0.009726186459000839], "94": [0.5352159872201289, -0.054166522776332444], "24": [-0.16866343967201589, -0.5493506588876954], "26": [-0.23020305079429307, -0.5459520979280094], "77": [-0.09838582712592739, -0.5744356768189098], "27": [-0.16432796169060604, 0.327119541312984], "73": [-0.2244643753611965, 0.3083739167324646], "33": [-0.2241514891187593, 0.37395384763795275], "34": [0.5108679895953209, 0.6742477578627928], "35": [0.49804310485439107, 0.570226433948285], "41": [0.5692167780170574, -0.15830334890965045], "44": [0.2976522001624694, 0.8823925506071296], "49": [0.31613621691750465, 0.933308920101588], "47": [-0.6282113031779348, 0.5947605764559135], "80": [-0.5671976698625578, 0.6196506733200835], "52": [0.7453931875870814, 0.029606462307028816], "54": [-0.4996533890908466, 0.7428147179164689], "88": [-0.5085581287872901, 0.6655957260535792], "61": [-0.29362951388941794, 0.25626591250678094], "67": [-0.37129343805132875, 0.21336626988084487], "63": [0.9587515129605274, 0.19097781048914014], "69": [0.9512193743248354, 0.2371089513543373], "97": [-0.45272728075795754, 0.17865716141540572], "68": [0.6701275665626226, -0.18310072876456893], "72": [0.7428168996520108, -0.216917266148717], "71": [-0.5193119497104741, 0.19801191190875228], "89": [0.8167197018572357, -0.2526409879599142], "76": [0.42360936867145454, -0.7051807990181523], "87": [0.464229366054388, -0.7256708852134389], "96": [-0.6720139088045239, -0.3113682549468419], "83": [-0.6054743437170166, 0.6892670923810318], "92": [-0.5631620641751255, 0.7162310969643284], "85": [-0.5005918831789298, 0.13126038819936695]}