{"0": [0.0178627366999317, 0.03983742192792622], "1": [-0.2679905627107116, -0.13760544327603622], "2": [0.32567487587436333, 0.2964010632930195], "3": [-0.10391326687231482, -0.16998979380371795], "4": [-0.40940511105043337, 0.1520814777132196], "5": [-0.43562743805036636, -0.46828230194155024], "6": [-0.201396135614761, -0.30352670679165344], "7": [0.2356314617293723, 0.5637558737766908], "8": [0.4442594179406658, 0.5246435681238546], "9": [0.6611748431541854, 0.2131572067892289], "10": [0.12815249316226912, -0.15036286927108972], "11": [-0.48195518775282853, -0.023490962460652125], "12": [0.08675017355705263, -0.4866707351873679], "13": [-0.552472700332739, 0.191837372271124], "14": [-0.5236487830883174, 0.3370867570114715], "15": [-0.4147533490279747, 0.360726408543208], "16": [-0.6250996378101604, -0.5755316735915655], "17": [-0.539693709971083, -0.6650200469267403], "18": [-0.4184207493722397, -0.6949778850928371], "19": [-0.05553240714039595, -0.4138584406201429], "20": [-0.2575495142685528, -0.17785150121255855], "21": [-0.2533970302136483, -0.45593433534611927], "22": [0.36872033736260723, 0.6511307047246964], "23": [0.18898993177303314, 0.7769171235067935], "24": [0.07068460339237756, 0.6526901811883822], "25": [0.3944493700524877, 0.42904836032496074], "26": [0.41204259692763545, 0.7102405325387808], "27": [0.6137951649107014, 0.6717129342660433], "28": [0.8498764183858403, 0.2949046834655942], "29": [0.872593379135492, 0.17823134906440227], "30": [0.8053213444949062, 0.05798809588433521], "31": [0.2851060744488396, -0.22304112718401842], "32": [0.3039415817516681, -0.1005802708841268], "33": [0.04229430882573986, -0.10607892514611639], "34": [-0.7110834809300188, 0.027855169948527467], "35": [-0.6629685728106364, 0.17536254057207412], "36": [-0.692135476570211, -0.08469141925173287], "37": [0.19585090424052087, -0.6818597558912496], "38": [0.2712129924745151, -0.6007823556344555], "39": [0.08389965157297835, -0.7051424233248029], "40": [-0.6099746993257853, 0.17826396546287324], "41": [-0.6473629633482567, 0.15537803302912637], "42": [-0.6195669417503821, 0.2685272022370477], "43": [-0.5986042576512439, 0.4432887837387052], "44": [-0.6196092391942982, 0.4058680828369069], "45": [-0.558237429301417, 0.4488453063818104], "46": [-0.43256986109915496, 0.4866314898918301], "47": [-0.46389990163747735, 0.4576746274575153], "48": [-0.39136166837954617, 0.46081998728589624], "49": [-0.7397790303018611, -0.5916846777378377], "50": [-0.7366424432589745, -0.6368564656357137], "51": [-0.7027446719879228, -0.6630608847630126], "52": [-0.6080398591330297, -0.777439571504924], "53": [-0.5660444280293855, -0.7799188594424613], "54": [-0.6341183609202173, -0.7418291170079323], "55": [-0.4643099084350397, -0.8041429014314317], "56": [-0.38619497182566564, -0.8076383979009869], "57": [-0.42684479443536616, -0.8258499381354861], "58": [0.03755246858956265, -0.49062532788377783], "59": [-0.03895007365484041, -0.5070346301385484], "60": [0.02907469281323963, -0.42520826893627944], "61": [-0.3427981333528689, -0.17082456905352408], "62": [-0.2613613855561814, -0.09118196475506131], "63": [-0.319065075651951, -0.10729898243627313], "64": [-0.3233348753700728, -0.49850275429675844], "65": [-0.2875847640031039, -0.5448921430889705], "66": [-0.237697908394182, -0.5546434926443065], "67": [0.45867343435496144, 0.7004574154641745], "68": [0.4241026006673956, 0.7465304441751955], "69": [0.4589254299415025, 0.6546797273404575], "70": [0.1703974318604145, 0.9034057378768731], "71": [0.132927255468587, 0.8793433321014393], "72": [0.21454344829021058, 0.8972675874292076], "73": [0.025754496838807112, 0.746469107311767], "74": [-0.020421001732167862, 0.6755188279195727], "75": [-0.01853319024749144, 0.723674653517463], "76": [0.4339432812882809, 0.36150573531766994], "77": [0.3259005415139057, 0.4347289292571828], "78": [0.3215063788988852, 0.36233606115305916], "79": [0.3439945120554832, 0.779270358263931], "80": [0.38374112736938587, 0.8087585905916567], "81": [0.46386140382481966, 0.828817725543395], "82": [0.7252517861192123, 0.7164144344759089], "83": [0.707298621562515, 0.759667516086446], "84": [0.6632942747043934, 0.7763935442791242], "85": [0.9609061923423556, 0.346015106441074], "86": [0.9634308170588579, 0.3032551691994946], "87": [0.9254848972633591, 0.3742839630626242], "88": [0.9871084959196326, 0.2064663050068416], "89": [0.9759317505045598, 0.12929212432752987], "90": [1.0, 0.16459813676202084], "91": [0.9015416643703386, -0.019512047029038044], "92": [0.8597094686094278, -0.03479644709623703], "93": [0.9137776652461012, 0.02670609264520642], "94": [0.38436413717291557, -0.27348615714326685], "95": [0.34377586897380585, -0.304197650523046], "96": [0.3797637926114365, -0.22671955476472197], "97": [0.4032102977090625, -0.12884924828733396], "98": [0.37543685697114415, -0.04631755871448398], "99": [0.41260171393073936, -0.08265213200832791], "100": [-0.03971929191715591, -0.07472771605983795], "101": [0.028090120314910993, -0.036404892274932425], "102": [0.0012764252283949955, -0.16226077708296902], "103": [-0.8452377885227794, 0.04926255664277027], "104": [-0.8323621912146479, 0.009120275575325866], "105": [-0.8215345682644963, 0.08416593953723346], "106": [-0.784531772423093, 0.22278945107523218], "107": [-0.7713759977446107, 0.2636630033789462], "108": [-0.7358182691613078, 0.2864437937437632], "109": [-0.780375263757297, -0.15657424696642933], "110": [-0.8135093800188036, -0.12584322083342683], "111": [-0.8112977947020706, -0.08462197366509606], "112": [0.2539221251924945, -0.7925815422714345], "113": [0.215945447285449, -0.804340080070556], "114": [0.28559171420932633, -0.77070635848876], "115": [0.34152574485619286, -0.695055684060595], "116": [0.3806992661604489, -0.6271408400279086], "117": [0.3770934081884154, -0.6705339583812902], "118": [0.08272049039449424, -0.8382378150808787], "119": [0.04505559533372135, -0.8142618180172893], "120": [0.12046546541521296, -0.8184743102789552]}