{"0": [-0.24885675843726726, -0.5562783042237398], "1": [0.2550620530373144, -0.3972767030178832], "2": [-0.0016065749720687722, -0.5767862662014933], "3": [0.11448507133693979, -0.5647951835041026], "4": [-0.36299788124228216, -0.5201885688363377], "5": [-0.09062104026533793, -0.2775897741309935], "6": [-0.1613576835220466, -0.4178019983194998], "7": [-0.12875331078147986, -0.6432827096329935], "8": [0.04058756196272732, -0.4193794049567051], "9": [-0.012543650014714356, -0.2202483494360015], "10": [0.0641477307424413, -0.16800000616082209], "11": [0.1222194559575639, -0.7452442610511988], "12": [-0.188998777566201, -0.7665696135668972], "13": [-0.25031849345509627, -0.4445812640046047], "14": [0.058294275269306105, -0.6970091368084925], "15": [0.20094947028485613, -0.4693659542098199], "16": [-0.026245444565430598, -0.812484543340894], "17": [-0.07407835578947101, -0.4804243155625062], "18": [0.24153675374301303, -0.7279873261516212], "19": [0.3207885730830539, -0.6451356269553524], "20": [0.05323839726995156, -0.2866708878537349], "21": [0.19853293797376012, -0.5686291798154568], "22": [0.1477513582614657, -0.2777615073912615], "23": [-0.29154791166396593, -0.6647043460237785], "24": [-0.06959628350101278, -0.9771863682611204], "26": [-0.23174149483584736, 0.39539683959480715], "35": [-0.1565000177025449, 0.23232729815038247], "45": [-0.29329181199624005, 0.5461377214735644], "63": [0.42427652701616175, -0.009309621953352224], "76": [-0.5821551584496293, -0.3470481938888867], "84": [-0.2740072156618442, -0.14588857645594522], "92": [-0.7743153777153644, 0.07621506070531522], "31": [-0.11886703560807249, 0.31198669743430574], "34": [0.28599297805701906, 0.6110114028311682], "39": [0.1234232747700578, 0.35885895785358846], "43": [0.0469674208200131, 0.3449481822001785], "60": [0.7114146573435799, -0.34788753536492373], "68": [0.8638477154660552, -0.12421500854967146], "70": [0.7583053551409887, -0.0734294232520933], "73": [0.6139242647823838, -0.3911911886965723], "81": [-0.37450735613130415, -0.17704018472786293], "90": [-0.33548086837576063, 0.03465194587202501], "28": [-0.12163303584813069, 0.5011573295486095], "57": [0.5985353945955381, -0.22815318570571297], "59": [0.45170135849920606, -0.3534913195046319], "69": [0.6767851055567067, -0.15271489859855036], "72": [0.51507139488671, 0.2433274635420194], "86": [-0.8337279263157674, -0.06277047240528068], "53": [0.5566806196341724, -0.0798293432493615], "54": [0.4651707156671281, 0.10550606168511566], "56": [0.7894305828256223, -0.23185429606432761], "79": [-0.660573481269145, -0.14589415213434725], "87": [-0.4228997668430274, 0.06896732859054758], "94": [-0.6653327702265605, 0.038950862726616645], "33": [-0.3494531117176317, 0.637483112084564], "44": [-0.20277769468601478, 0.5866895383651282], "47": [-0.00681672769309713, 0.4032446195426462], "66": [0.37632061447980125, -0.187362905555932], "77": [-0.434413534426876, -0.29273948843038977], "29": [0.03224897121297432, 0.7235759228092173], "32": [-0.3153389055824354, 0.4278111356758365], "48": [0.06218534486012477, 0.6155028939437935], "61": [0.3184879111571289, 0.10003176440165039], "65": [0.4072238439611641, 0.274705602221157], "78": [-0.5307295854380994, -0.19889833498174617], "38": [0.16570593162378167, 0.5668536835714691], "46": [-0.23004791527054555, 0.7319916395369024], "88": [-0.3742861729874306, -0.056361473759143424], "36": [-0.13760758374013318, 0.7194727323756308], "27": [0.19584483164016128, 0.5006517815005446], "42": [-0.017375187095865018, 0.5181484944757114], "71": [0.3594115801805815, -0.07330039189490067], "95": [-0.1059703841916579, 0.010954870638458196], "25": [0.3002645380530212, 0.7555975975439385], "30": [0.17973288981920688, 0.721406451914089], "67": [0.6757605394525328, 0.32420811450073794], "91": [-0.30845371052987125, 0.15353340173028618], "49": [0.15636835495802925, 0.41847237835850565], "55": [0.5835647569681811, 0.025265974332071294], "58": [0.24673790330730416, -0.02843917080790394], "64": [0.5815481145000545, 0.13135562106673876], "80": [-0.759407138387475, -0.1682261369088403], "83": [-0.6966178747963284, -0.2538463579822112], "50": [0.47432303600745224, -0.23141282877315827], "89": [-0.23204716897550073, 0.07630972841180927], "99": [-0.4328346174685228, 0.2140955967434776], "85": [-0.501379397516799, 0.012159656830715574], "62": [0.22740695042443304, 0.06737250075383382], "74": [0.8655973519425826, 0.07878063187111854], "82": [-0.8400202563934052, 0.18533455205969504], "37": [0.055015865359572834, 0.8687915986578131], "51": [0.7481697143149398, 0.07386276346167717], "75": [-0.5422299087067248, 0.12628453397945977], "98": [-0.7066921263665525, 0.22366043655409304], "40": [-0.10421762485968915, 0.8205344624203194], "41": [-0.10253349439863757, 1.0], "97": [-0.7172344907714465, 0.3312127894864835], "93": [-0.47464581389201116, -0.09901125706898169], "96": [-0.5703090523754089, 0.2941414987062537], "52": [0.734954912816998, 0.19675611339795598]}