{"0": [0.035903792826310524, -0.1300896251412788], "1": [0.3565073068758076, -0.10845560131210832], "2": [-0.2130977233449599, -0.000446276007650388], "3": [-0.1723907996962039, -0.1737981799353981], "4": [0.07254215631668813, 0.23705282858735788], "5": [-0.008957635997301903, 0.3606734263660242], "6": [0.23079003691402833, 0.21747465721977952], "8": [-0.3215987643697407, 0.30394167428777924], "9": [0.4968691163473435, -0.0160949127955761], "12": [-0.049894547839910576, -0.23420679503099123], "15": [0.33783199381508067, -0.3602443652553296], "16": [-0.15776602295007694, -0.6581576508103096], "19": [-0.33043272028157755, 0.03694458166594865], "20": [-0.5400579204432296, -0.2650486205906011], "22": [0.3023930081077487, 0.1845932463185781], "23": [-0.10261171301557641, -0.276119959004576], "24": [0.39169736027669927, -0.23958787886427987], "25": [-0.24068261017370213, -0.342007853026106], "27": [-0.14299262604033958, 0.3544720179428089], "30": [-0.2836492920333979, 0.4726225157408307], "32": [-0.13848710114596044, 0.005522795944980925], "33": [-0.22248775641529225, -0.45176437395858804], "34": [0.5253041352977722, -0.24310475171803245], "43": [0.1624505009832596, -0.5949656643998077], "45": [0.2196977460050946, -0.4329342484261911], "47": [-0.06597073927158552, -0.6622625345179476], "64": [0.1046644230137472, 0.1348207380034146], "66": [0.4608686326288131, -0.38498623721169317], "72": [0.2308989761654308, -0.5364669549618094], "73": [0.1266214338719397, -0.5237532951683697], "76": [-0.2981887069633969, 0.15043010663625098], "81": [-0.3132840343477382, -0.1791420960118849], "87": [0.5497118249479002, -0.04650283823340612], "11": [0.5624545170148318, 0.15984275995408842], "37": [0.6440469381708388, 0.2169307743002145], "51": [-0.013420773126434594, -0.5300023807487465], "55": [0.2116467086657953, 0.07358116807033796], "56": [0.29689571271017906, 0.07277863545889193], "7": [-0.2613373414147761, 0.36195714303227355], "10": [0.0007153091306254409, -0.4115653874815839], "42": [-0.5906887885826614, -0.1601215909765103], "48": [0.005229327768228296, 0.49627630665711414], "50": [0.20260038968582542, -0.21918883090675956], "85": [-0.7337178743820396, -0.09478689802569855], "97": [-0.4303188933594448, -0.16009783149623696], "99": [-0.4793669844584462, 0.09735069875319469], "13": [-0.04522909031636624, -0.0743023821113399], "36": [0.26873013650443606, -0.3462927005744729], "49": [0.29050709458156376, -0.058136384699957085], "58": [-0.5311935772031439, -0.4570492468959619], "77": [-0.38251480583375896, -0.28783472879915334], "14": [0.07518450163972346, 0.4580971214747804], "18": [0.2624685360456272, 0.4970156661171247], "59": [0.5564555206373477, 0.2661910721247171], "60": [-0.12591889689398797, 0.2081787206204754], "62": [-0.14909369108500192, 0.6036804810671367], "63": [-0.02243631795016242, 0.6314964392526293], "75": [0.5043631549941675, 0.3302406189921607], "78": [0.06330013759674506, 0.7333036322002374], "88": [0.15836785855460064, 0.6787933925345085], "26": [-0.010248580219991813, 0.7810371528312744], "29": [0.2722826817561094, 0.3532553414190128], "21": [-0.09481617806307165, 0.0660944870363431], "40": [0.5154125722254451, 0.47113810577170856], "41": [-0.06227314875857611, 0.5393767798077406], "54": [0.2907659969271373, 0.6555533525758923], "83": [0.6807162324391052, 0.053617951381076084], "91": [0.34822421939465853, 0.6291528602806902], "53": [-0.35994692632657593, 0.676966123282523], "93": [-0.7504280980971711, 0.4051780487246602], "92": [0.7514906084449288, -0.0657021070046162], "17": [-0.22329834213245972, -0.631107390896144], "61": [-0.016054911373268466, -0.7193449767069965], "90": [0.36146487412210776, -0.7020659770988784], "95": [-0.13502342146726165, -0.8189609438468877], "98": [0.03708606332939089, -0.5569994042186355], "39": [0.15539182608120844, 0.02076189045693417], "80": [0.36114413775438686, 0.46970728872663653], "82": [0.5448172074539169, -0.622486220886732], "38": [-0.40908068818578114, -0.664524830120564], "67": [-0.19271627507890907, -1.0], "65": [-0.5247757684792311, 0.27598567983747196], "84": [-0.8750903119160507, -0.261962357886845], "96": [-0.9052323301491437, 0.05211457834270706], "31": [-0.38362926927828084, -0.09431816480557627], "70": [-0.48773595733034303, 0.4975299289239858], "86": [0.3754854282813424, -0.03628816042603347], "28": [0.1279808155341545, -0.2392163538943124], "35": [-0.29640040435694087, -0.42348926084241356], "46": [-0.42709790154299054, -0.562642583070288], "71": [-0.1764612928782939, -0.49058577242558515], "44": [0.7352862789293574, 0.45194322228682], "52": [-0.4897596111266483, 0.6590417196122196], "79": [-0.2264967894985403, 0.8194697580664643], "94": [-0.6664049212005873, 0.5730687060350294], "69": [-0.3450070230193989, 0.4077200840719727], "68": [0.6761134442605432, -0.4986691533936514], "57": [0.4427583027864498, 0.1979930477285214], "89": [-0.7195920348263104, 0.8073494524539829], "74": [0.7612189564275981, -0.16043604635479133]}