{"0": [0.24785949082540715, -0.0985545799102036], "3": [0.19335859988397452, -0.0828313765037619], "5": [0.14312797725390097, -0.01841251063498834], "14": [0.605311010990279, -0.15137753984069274], "15": [-0.07384924386442299, 0.4149695552340997], "17": [-0.052799462510863364, -0.5192276618610385], "24": [0.03972590789670076, -0.4560245877974675], "70": [0.17257640863355686, 0.43543131457097917], "1": [0.007071866296716519, -0.16522039828176546], "4": [0.011365518936055464, -0.23788794814159558], "6": [0.5347477431284056, -0.03101690807464754], "7": [-0.3571770576425395, 0.0064483151336006085], "8": [-0.08477711777836959, 0.05312674811493613], "9": [0.16257657911484896, 0.09279706477257783], "10": [-0.4228395543948589, -0.38078122235526674], "13": [0.09777825719150814, -0.2546508561864402], "16": [0.11834896348478685, 0.4596133542533176], "19": [-0.5305721564020105, -0.39126166891158287], "23": [0.10272185991883126, -0.603879974635859], "25": [0.008641463751972849, 0.18171654097677784], "29": [0.5400879780585954, 0.1281874684575574], "30": [0.09760823662869725, -0.3896624972159931], "31": [-0.4406297153563774, 0.1886426008905955], "38": [0.49971413878786325, -0.6274277251870833], "40": [0.4103064192419235, -0.39994300702453717], "49": [-0.554484488206328, -0.48680395522314435], "55": [-0.7386150422513444, 0.08022695455537195], "59": [0.342994916532805, -0.2841679630417646], "61": [-0.54281136666716, 0.14686030601485078], "62": [-0.4896792584217171, -0.04865086225901938], "64": [-0.5172942367489316, 0.039004268928315336], "66": [0.16135997921151463, -0.9648965825128216], "69": [0.5081313824725028, -0.7553024844610731], "73": [-0.07430116229340701, 0.5178690414963307], "79": [0.6542179248653741, -0.3658756686720801], "83": [-0.5491656127003821, -0.1567248378548782], "85": [0.5124090783866206, 0.2746124761041847], "97": [0.24044104467911903, -0.5537222340167288], "2": [0.06756933412158131, 0.25453256840733474], "11": [-0.2029611283220009, 0.41060599820363564], "12": [-0.454691976436745, 0.2598170550142024], "21": [-0.01057580633685504, 0.5895828841098875], "26": [0.5745748227780919, 0.2176403314911219], "28": [-0.21149291005071064, 0.4960196897188767], "36": [0.27892691375291734, 0.5547040272540167], "52": [-0.34661362453079697, 0.24846959785533285], "71": [0.3883124133029036, 0.6549388362690548], "91": [0.1432461464729611, 0.7444149958612187], "94": [0.6219747318802754, 0.6092406836857258], "20": [-0.3585172422477127, -0.3111607230330562], "33": [0.034165994234818205, 0.3815222564518116], "34": [0.3022841564326353, 0.05675872016309465], "46": [0.2600837612872945, 0.37693592991222014], "48": [0.48163370831090213, 0.3947413555606927], "60": [0.2188913879880504, -0.6726269535332265], "72": [0.7623028947774863, -0.5419115020524612], "96": [0.7616863593273394, -0.08130058788946892], "98": [0.38094603286129697, 0.29082610262093966], "18": [-0.14746657635768975, -0.8038681188838297], "35": [0.3409965358482497, -0.4389193080843228], "43": [-0.30451611238221005, -0.5889816085225509], "45": [-0.2710632336789971, -0.403588150807855], "51": [0.014231047452745576, -0.9050249679967559], "65": [0.4598318391063398, -0.15364517679346856], "67": [0.26762739998342533, 0.23853792350566924], "84": [-0.6696321776474825, -0.6026013532705745], "88": [0.04624550957616812, -0.6836901951293212], "41": [-0.32683853560161963, 0.33531160103840296], "42": [-0.3910012014041888, 0.4689496108306783], "44": [0.3341054790145814, -0.6707700462025329], "76": [0.36375291459012765, -0.012023849079003049], "37": [1.0, 0.17458598025254013], "56": [0.20322338109621566, -0.407414723289657], "27": [0.310141522586578, 0.2039361498893871], "47": [-0.8181113896729812, -0.233600401851291], "50": [-0.709740250132838, 0.41546512417288206], "74": [-0.6229660721856737, 0.6017696176234317], "22": [-0.15353670267528363, 0.2190026520388426], "32": [-0.29334130104291983, -0.17888077140145286], "77": [-0.6633718852406667, -0.045373823872210874], "82": [-0.6870626824307879, -0.29240444624417833], "89": [-0.4961896081367054, -0.2959378737792109], "90": [-0.003963785170281474, 0.8469930799295192], "95": [-0.3482963772693462, -0.2554584081952544], "99": [-0.0028034863742096585, -0.07990296146413568], "87": [0.7912766714528052, 0.12346617146311775], "92": [-0.08488144948559641, 0.7430823609662375], "93": [-0.1277860285484849, -0.6184641005784005], "63": [-0.8755592496741804, -0.023783880112753363], "68": [0.2686002804202485, 0.7126171027583207], "81": [-0.7039337372912903, 0.5432148389167366], "54": [-0.5096529420322394, 0.6360037540215893], "39": [-0.4329923766282533, -0.6503797392759922], "57": [0.36901512216134347, -0.8265216650464896], "80": [0.5279593440123552, -0.44582802445656156], "86": [0.18165200866499256, 0.9125088904720716], "78": [-0.2719499400557173, 0.9128583893430319], "58": [-0.29597938015408826, 0.6383905755418636], "75": [0.5240268446864264, 0.6267348033664244], "53": [-0.46528265991582746, 0.7346827432370345]}