{"0": [0.6433178214385383, 0.3392732610172529], "9": [0.2726065822677156, 0.3810759706113425], "10": [-0.09048742071390123, 0.40922094189650926], "27": [0.6107888710364938, -0.2841799546556232], "29": [0.6349737652600388, 0.5851822893225488], "64": [-0.10330104102601109, 0.23018500634792005], "66": [0.8819444569691908, 0.09655343487998172], "75": [0.30305120856407936, -0.20574685602074333], "1": [-0.29242692199179876, 0.11981059188574139], "13": [-0.5129769610658038, -0.17087784707334353], "16": [-0.33861754724158166, 0.2273824393789665], "19": [-0.20848480264453692, -0.044487340043312264], "20": [-0.8250118582588847, 0.062117084370746034], "26": [0.033092981632984325, 0.5290736703716648], "31": [0.4197373805428254, 0.16073075840606735], "35": [-0.09426249041848149, -0.0885245381972858], "42": [0.0474583107420764, 0.6042601855179878], "58": [0.18900860347607887, -0.01249183573639643], "71": [-0.460762052499229, 0.12912692185352007], "72": [-0.5446970299264474, 0.026141444419635552], "77": [0.33274731130370244, -0.3495747977036815], "85": [-0.45080747695757256, 0.6004650188446108], "90": [-0.3492867271905529, -0.15274429687241037], "91": [-0.4212452299406814, -0.44379317872489543], "97": [0.07584778523648054, 0.40718586677065105], "2": [-0.21448869548849397, 0.02807095327284584], "7": [0.022337787454787865, -0.3225417339803629], "12": [-0.06854094209928786, -0.45162365784412883], "17": [-0.013405229576794275, -0.054040309885660734], "21": [0.23653213424587938, 0.16517100098742682], "30": [-0.27695999784318764, -0.005677899118916055], "33": [0.17151248993819043, 0.4163853735069593], "41": [0.07973225516710751, -0.1236441808518946], "45": [0.21894690049542195, -0.349703599793284], "73": [-0.7279487607227028, 0.5970489711009145], "76": [-0.6545323793491776, -0.012713849875310091], "82": [0.23836251550584567, 0.061891497276402446], "87": [-0.10914837012918642, 0.5414266012207205], "89": [-0.2027499870385665, -0.40777422042870176], "99": [-0.3538283302938727, -0.3518485730990049], "3": [0.28111931579592564, -0.4262042620469547], "15": [-0.3346314152187881, -1.0], "70": [0.02250785946085606, -0.767271448633219], "93": [0.34165378659043855, 0.2573313435626528], "4": [-0.2736859007663929, 0.4324976391319869], "23": [0.05159938532532205, 0.23644216090546455], "43": [0.027306587652462463, -0.5061663524549533], "63": [0.24941357145355578, 0.47429418426476005], "5": [-0.26533485818376895, 0.6860752141188234], "14": [-0.1857993497911132, 0.7619803310239002], "44": [0.15693232570926746, 0.3206687882412635], "81": [0.11436138424384305, 0.02058890948088033], "92": [-0.4534360564384673, 0.22947497149237228], "6": [0.4948743560433447, -0.6424509505815261], "11": [0.24934057098529383, -0.7469282375468228], "51": [0.15618795428824972, -0.6964158479160918], "53": [0.40977566995252757, 0.008069460751861289], "62": [0.17836140519403063, -0.15103981824832088], "69": [-0.17048088786399693, -0.1572752392895102], "38": [0.1380800458205281, -0.25263984259360867], "46": [-0.3682892948884457, -0.0423211416756013], "54": [-0.6691010524975689, -0.5449900754835771], "60": [-0.08093757507991571, -0.3734999762542504], "79": [0.5253434126672146, 0.134911927872058], "8": [-0.017119729155934398, 0.3251835452109991], "80": [-0.12527101406813704, -0.25750669491449885], "24": [0.5326285517455227, 0.2728957066045186], "32": [0.06209799711549379, 0.05828253601446871], "39": [0.4410587294231014, 0.596098056914375], "40": [0.7417812714882992, 0.4630943884291838], "50": [-0.22267690500267012, 0.3214184434693492], "59": [-0.03698597044405698, -0.1879348658646966], "68": [0.39774657988376244, 0.39264802286480877], "74": [-0.04681260150005552, 0.17048222111252087], "18": [0.32778350761160435, 0.11042963786238576], "22": [0.15035618790156222, -0.5817174398604013], "52": [-0.14153866047544172, 0.12027329984736741], "83": [0.2944420634255938, -0.5690233071958845], "36": [-0.026956574130309562, 0.07089774838675829], "37": [-0.42320785724324494, -0.6824209709105203], "48": [-0.5180453694157534, -0.2981489584979782], "94": [-0.11407617601264684, 0.31395360629651203], "34": [-0.17145209828448227, -0.512121677971788], "96": [-0.614529321446806, -0.503662231878389], "47": [-0.27076045552851924, 0.17445611330602318], "55": [-0.7696737307669066, 0.17720680986518855], "67": [0.3156849966961059, -0.0832511170452533], "78": [0.5577671457938065, -0.05349836226279056], "25": [0.5083022303097411, -0.14515821142215604], "84": [-0.9420553110947304, 0.17308282599216554], "95": [0.7475659090862289, -0.2623031118764022], "49": [0.47989661182148274, -0.2956923928739335], "56": [0.6473212912727776, -0.0006434075847192622], "98": [-0.5472430008099809, 0.376358456364128], "88": [0.867292772542096, 0.29504361052859185], "65": [0.9046243564592819, -0.020273717977268523], "28": [-0.2674901825836394, -0.9081036446112332], "86": [-0.2858133531536325, 0.5316202637184837], "57": [-0.46513164156397946, 0.45077742256413283], "61": [-0.6627003992106384, -0.17366495408108756]}